N_training_points,na,nb,noise_variance,kern_variance,lengthscale,rms_rad,rms_deg,nrms
50.0,5.0,5.0,9.656371866128346e-06,401195.7952065782,1836.6259815245066,0.020953052013625736,1.2005214482988458,4.2136781009256765
100.0,5.0,5.0,1.1235098532318667e-05,4207.229180451175,356.55775657708216,0.01813173511426893,1.0388718972967652,3.646308668211985
1000.0,5.0,5.0,1.1874144550099096e-05,1422.3152326823258,77.57127423146866,0.010257342326693574,0.5877024243404418,2.0627610100705187
10000.0,5.0,5.0,1.2950924587886013e-05,3442.3048262291873,30.999995517487264,0.006703795942228708,0.384099214206632,1.348139552007704
